IRRADIATION_WM2,AMBIENT_TEMP_K,MAX_TEMP_K
3.7267676133774006,297.6792296280219,302.36202464919626
10.714067230674,297.12034553164074,305.1821789227812
26.399924912823657,297.06402275176475,300.35928637652466
55.23292845057562,297.3763359993982,300.4070587952074
97.3523405488754,297.4355557550409,298.39713685807214
141.76750012067237,297.56348352565334,304.64252277981757
152.83899959221563,298.2761416128026,309.66132782860427
149.43113477876884,297.93237928461485,303.692394611221
141.44754095689927,298.1479153122948,305.5366738375045
209.46464332803703,297.7211653566808,315.89551020610594
343.2578561177413,298.94280943542674,323.974842730462
403.4532173417941,299.9736150036767,326.770848060578
314.9886026875442,299.3603121941483,321.6317638760463
608.9766114475265,300.48542395793123,343.78262737249094
342.8303943803112,301.26972056676703,322.8953780888598
245.6982634097376,299.99353996783213,320.38902439114327
535.2120190139711,300.4467904159471,337.3999813599804
670.9766822003659,302.1242589646832,348.70209304457643
562.0871715621998,302.5319077405547,346.0141771865465
445.5990062666199,302.5880739697001,334.1686659355436
368.21699952521135,301.72705989452766,331.781383028622
633.5484486750802,302.2729613784055,348.706402156722
584.1844227936527,303.40947239079924,352.2375159889894
543.3258510408356,303.52128899634954,340.32996294259664
464.6805148248856,304.5183786280175,335.0901133565876
511.1342912326841,304.74624145576115,334.8467114618368
779.264223420636,304.6822319463665,359.14384973684
652.4223735029823,305.1974378240222,355.0025611966535
751.3835615228469,306.44541351279065,356.7294909674815
413.65111505850746,305.9609784399988,336.57038020287047
483.4549545857056,305.44637448592675,333.22855157088503
588.2894852028933,305.60761312292254,347.4124277062454
564.9164902886674,305.56476357799903,345.33748238891053
720.1274187175865,306.1916351422449,352.0256325554095
902.7504253083038,307.3747952973622,374.3540548304361
459.47008497498416,307.7657362649672,337.0736056246532
545.5108149293757,306.3568328393258,344.35370458074584
390.14829961218175,307.0575787787637,331.2990580510796
437.907048074577,306.9819285662587,335.00510040093144
565.5740203898196,307.70945075767094,349.9663316619146
346.91108269909023,307.5293009529826,339.27051600215754
362.1465938201141,307.1229836036747,334.90651444041515
328.50349985620346,306.9816688858151,334.84438447006187
349.41116896675936,307.25790984040475,340.2601291513026
255.54587238304185,307.41529546239616,324.29855403049754
163.24682723604923,306.9809777830791,318.7451163014402
168.3966013625879,306.35659563386616,319.876886006714
82.85827162101249,306.55034103003544,317.4796758752278
33.8089438490751,305.41004484818114,308.40035207571873
22.86940706940262,304.18400117246495,308.30821509435594
10.711759489529353,302.4101353521653,312.95829816340637
0.0,301.7314475835871,295.1451751314457
2.809099559227888,300.0023665621405,293.994087749609
0.0,296.9435597226547,296.0665638542442
0.5891977191143309,295.346196751694,300.821852778522
7.299700887749352,295.1118618917618,299.6849932833513
26.08650914427047,295.02283487063727,294.7874773454537
48.525680246799226,295.28425406428426,299.17812505004963
76.91153435024246,295.4900118182576,299.8861464697476
103.8590116708661,295.5842152544161,306.9423943724682
135.1633662439527,295.6597456828766,302.55537413227927
173.09669044713192,296.18176099104227,308.2939390937561
237.44685215368543,296.060810881053,309.80390712802546
293.38083342359766,296.97790340134884,312.36401357721047
342.18249808592185,296.8365320275057,322.55660321409636
433.8327408702809,297.81426246496903,330.4412815845328
467.7247851779784,298.35914424517495,335.45109286783236
452.7447541203002,299.4632055227359,332.7533444546337
422.736688265705,299.4511945447908,328.74107800793155
413.9675749345564,299.3653852930351,324.0400845697094
547.1712166908095,300.3283198130336,338.50486038192213
500.22770781954,301.05759634381,335.62935719518066
469.5836065145336,301.23354566684424,335.4479669621518
668.8491716719291,301.3763869614522,357.0368475818343
577.4992897041989,302.0017459855258,346.0261901854921
583.7971409690626,302.57544895994283,336.128624619043
543.8029183392337,302.3732262487012,341.11991356645996
489.823213924706,302.84796007697736,334.3402331665362
624.557279600453,302.9198420866181,348.92690104823555
642.7834785171407,302.75597524420425,353.3457972276679
539.3260849575145,303.8019704541933,343.824913609189
770.3066840930129,304.6531815594982,362.73367471048084
826.0215230697211,304.1088616136276,367.1993624475901
631.8229229847865,304.7528040704659,344.33419417683956
720.4845758631893,304.5604018660715,355.710206732025
578.7033247617474,304.8068363445231,343.7890755947536
508.1892231120223,304.96840368213697,337.6633621842322
437.8833523025372,304.41786830438235,333.64840667935465
589.1052758136965,305.13559407568243,339.6864128978353
541.5902269977923,304.85254910104754,345.2034295369416
512.9653727728261,305.3007386968161,341.834866850359
512.3883892256056,305.0151183033998,342.7484649145359
417.4814595966746,305.8027534359625,332.481361858326
346.6472864686968,305.7274912676855,324.80250441334096
283.6389075709416,305.18650953402874,324.5312678913897
220.10151494186252,305.26476609017703,316.58948257139895
195.30926169155455,305.0122808634249,320.990335843959
179.1488332256766,305.27916360976235,323.6638498013166
148.12535144899587,305.07583858053755,315.1721931108382
127.621512097523,304.3013009932589,309.6204349254225
106.45163836536037,304.9729942454278,305.2982621379378
80.05134609620445,304.333137161625,313.38236503893745
51.02448203543416,303.81788615863746,308.5868153016838
25.557712646891083,303.3303198082968,302.68530355342676
11.227369823184937,302.12737910543603,299.74662344842204
2.741206812747796,301.7480332066283,308.5195825925185
0.0,295.7808848830346,299.8137210578535
8.708044986647263,295.9110135059022,306.48863012526715
7.40069300379809,296.03693165027653,293.265099050885
37.24810298286333,295.83696296032906,297.23589307348743
69.72158549798418,295.8911404629584,296.6519061506426
97.20906749338148,296.4256622581618,302.7952912716714
195.3425315460884,296.6298377659157,309.9542508509237
225.1646573875857,296.57026552057744,312.9708439800312
321.07588076703604,297.25027550269687,328.73899519385054
379.14825612707983,298.4788623693507,328.03852589166985
385.7292172055627,299.27348824561653,327.6981798791182
415.058211941522,299.4913825132356,323.6899244686605
573.7036702851897,300.6441093282977,345.58751737453036
579.595614990693,300.8586165830405,341.75951059411835
445.2711770651736,301.6587128254108,330.53675724758506
615.0728361561926,302.3653465320986,343.66251711167155
782.9419027013832,301.8659591505892,358.73802043760145
743.7553951676528,303.3074479921398,347.73213269570317
727.4449049510956,303.20192905672627,358.22330238957244
700.2076824108618,303.1817688553248,356.7380352216819
843.1674089051872,304.3645746614454,357.56983019405305
806.789134174072,304.3273375205925,359.0247357933618
999.9377934263758,304.46036532388234,384.0128138346918
969.1236737691816,305.4600184684889,372.62824325965147
854.9939502375286,306.0393783738105,369.3806533212111
634.5523028896289,305.7007614290648,345.32217999778373
773.5567291305462,306.3240864244769,355.5799424191571
675.1156661434019,306.17488406991623,352.3487394433621
827.907201697528,306.9346192030455,371.4790983094257
429.0479911626464,306.67423564085504,340.1713866099349
447.1959571106381,306.05308385017406,339.3770096060132
739.7538357650956,306.8461994174302,354.31501049953783
630.0771758281879,306.81909922381203,351.79331478007435
686.6902451719459,307.3859349843323,351.7129368021661
437.1508501477071,307.5479335305721,336.06817318445763
321.7151696691859,307.2129495748864,339.2934190470987
646.2126289633826,307.53890962739735,350.04915779662286
687.2415314436713,308.0798466945444,354.05437094102393
510.83177893116687,308.4192806678016,342.98093953208536
599.9631235319584,307.93043977673483,355.7466988510045
286.12753552439904,307.97483856473275,324.93884452935134
445.8602919738165,308.2452238348076,336.947336407688
341.8958577759479,304.32699744817586,325.66143052879386
287.6385574971574,303.034358282883,324.98081323312226
255.2638296831807,302.52374995886635,319.3726092707316
138.00642366602875,302.14267815049857,315.47729714415436
116.50779712510852,301.4696253227837,311.8097344553325
99.97395692261262,300.4445215800243,309.40430933647275
68.63397218581088,299.9530164166096,305.4346222755216
25.33762610509478,299.2054109918629,298.6032206429379
12.102665626411955,299.9877386854707,301.6479887101459
0.0,299.1907735523674,297.50382792329003
0.0,294.6085113566347,291.31089639774274
6.298357804826472,294.4542760341424,302.4529149967492
26.17267166597459,294.2109159727892,293.2650106847299
53.96118378679997,294.19044309098064,297.583721705061
80.25362675357717,295.0477041865222,304.4008655344834
110.450485483357,295.4498022780313,301.3771553802292
191.4358936177834,295.1285588878369,311.490757497637
242.61647942706043,295.34899224413215,313.9001599391351
121.15420732850475,296.1624511802735,305.7991054957656
91.06645231327842,296.1008648864284,303.8594653577343
86.72556911362042,296.2919052960414,310.7830617128564
109.43301489830536,296.8421121099176,300.31365121603676
122.45551569556474,296.6808610857792,304.3308938591425
117.60780218205588,296.6421477323354,301.67182793135163
116.18089061626588,297.0895502358784,304.57038981320426
93.08691803846038,297.1120617035227,311.5543408805703
101.11478582474324,296.8108827541866,312.5963722136571
112.53687291614186,297.0663749562754,310.0329871592985
141.9513486984551,297.1441505649231,304.231715328469
220.4655573991709,297.284830939295,314.89667238493377
368.69306737738106,297.4871842260897,318.943116394135
449.8624010412316,298.4497758354676,325.8899234472203
489.7935939852535,298.4548042439045,336.16461801506995
351.1072284080278,298.30479629505066,324.7450298385804
409.8454083531356,298.2315992796904,326.37945082371067
566.492757753304,298.689574094959,338.3200659389856
600.4225010491307,299.65063628416834,342.4508534449394
599.1342989331414,299.8041757319994,342.34876252725
553.2302085978823,299.9545302732392,343.3115221124249
568.7388643874785,300.4864067164347,337.9430017706091
714.3731446376663,300.33048958862025,347.4137443689123
793.3113019173531,300.8815597881364,356.1891016643065
966.1878420531568,301.2504179620057,371.38952965155835
734.3669497542661,301.163998451279,358.92902834455157
344.8669497751194,300.83736008252777,332.8230845787569
441.3641602185118,300.83698471199057,327.8815420462441
443.3784186829418,300.0013471804547,332.6533442541532
547.6850444675881,300.5689132461076,338.67055525494374
547.9308633093266,300.36322905789035,339.14256071917976
524.2626337061293,300.1915633773633,339.75787259663775
500.638890618984,300.9998977913557,335.2373749732807
400.7282008376609,300.722759595162,330.77164441657527
310.0625494650996,300.2787044653651,321.64860134754707
261.7033311295547,300.3837422027468,317.0144667718508
200.4245452313181,299.6197441182241,317.4388929800531
151.0030568420844,299.57171291222454,312.6596197258921
109.991119119459,300.3493522757508,303.56834525288724
78.27028968597863,299.46506671802206,300.08628781538386
53.216638206992855,298.5585725281498,302.7459720954229
32.646647031153385,298.8212497820301,301.8060789681091
14.261695261847246,297.82538693176684,302.30242657158624
1.4146592070669306,297.7298914540594,306.62323067058895
0.0,295.9523445770212,302.159999090222
3.7880611210028254,296.5078239635998,299.48142649801514
13.209321751808316,296.90458888662914,282.1081711958115
14.529551358790808,296.27729813023205,294.16908692172393
37.75396048330206,296.11986708877726,298.7879216773974
175.54632409225513,297.5122900023558,312.91327274929125
186.3522869341288,298.12114015032626,312.77266419005844
188.06274955960788,297.3584758600756,312.73454897786587
232.5810438097967,298.3350163024339,323.3221614129512
134.71325259488393,298.39695160563457,305.09322348355704
202.32565991264207,298.10275740853365,314.55932341747337
288.79775458328874,298.34669329999923,315.9843370349828
276.988586333017,299.239525103634,320.55092405634923
376.4896673703405,299.32572115943714,328.850301537445
423.2455369307231,299.72232793722804,329.85509802036495
653.1155412256396,300.2864691941501,350.6165572724551
529.1040015186643,300.429427238665,333.73910678959
488.660223099636,300.0185079376178,333.15646461702363
588.9474983893206,300.79459159106455,343.22111935085724
517.378874343239,301.4726479138363,341.2020877820526
597.8352314140353,300.6989236739854,338.67056278179166
813.188327811796,300.89227559172,358.35301750208663
501.0419104771292,301.7596993699371,336.8910794514948
283.5753443055869,301.41802399953394,321.85456847057446
759.5860814084414,302.61922821179564,359.7467047223044
825.1077232907289,302.9963706605901,360.2932615301947
687.0094955891287,303.3351709351656,356.0558683669196
549.6340250401522,303.0113351594112,344.9034357756966
529.6899774413437,303.0530388007262,334.20084334417163
728.5563285685143,303.86617277277725,351.93154354045623
636.0241485601223,302.54925093344286,342.4097718645662
680.9922164227014,303.6299265391674,354.0584907563197
732.7714892810637,303.48057791030703,353.7089276689505
708.072867013443,303.9354602816563,354.1426775194113
519.438999837897,303.58830635337966,337.29439017759967
428.3577952294157,303.2033469379807,329.38554400853184
446.5790231754398,303.1630068827323,325.3697143726933
371.20702525200846,302.79375326864454,337.25741715275956
471.9945767990627,302.68670957336855,336.9796212889162
392.3159476423045,303.30425893467947,331.6454506099623
321.2437876167548,302.5547014653632,321.70961064411904
268.8218297499348,302.7167117774925,320.2942572834213
196.89340726091336,302.25622427492624,319.0655992774766
124.5677958575562,301.05016750466325,316.52351292144783
83.34944642361852,301.0886852648612,306.53401544228257
35.224209104820815,300.8994514585074,302.88055965864163
0.0,298.0741998008275,296.6708224599321
2.814630646744982,295.58598036647135,296.8386530863459
0.0,296.02122503834784,299.32337594672293
0.0,294.7078125153815,297.29670181603296
2.9001709378614,294.63112178738095,292.07017324730975
33.98932063764704,294.7180171543465,291.37795001682804
45.33509118541024,295.306446906444,298.72902374901264
70.69420090091732,295.856446043376,295.5100371822343
132.47094466017293,295.4284781049118,305.05515075005326
200.01657223462587,296.5861038116072,313.35813695166144
265.25725288072584,296.7045692197676,323.9197270308864
310.5555656276666,296.8101701755889,318.02194141170963
389.0740513242226,298.2847171912773,325.3689283142313
444.0085805077941,298.39249207196667,326.3206434245702
510.70425289712193,298.9149436006319,334.56974697395424
502.3034036180731,299.282194368582,333.67015735292574
581.625954222385,299.3841020064011,340.45711828500123
590.9840574058409,300.1203439734027,343.7496263200484
626.9838566935053,300.825439117045,346.95892966696675
705.454535461442,300.9001020563443,355.49204497965883
754.9929631698402,301.21997462632777,364.0101889650603
807.0188985353467,301.86989854159384,359.1588796653393
818.1067444015692,301.8129019462588,364.6054068266583
812.2297132015975,302.2890828933508,361.63538812796423
848.4804208672839,302.7292051520219,364.2469107737115
907.144844538018,302.8259657153369,368.274525222347
951.1502826957304,303.12595127796,379.434905197538
897.2844086203909,303.5433308333044,360.66118666647566
989.688010898768,303.5507254419368,374.39878585532654
950.7455361181542,304.323729549497,370.9843763036326
966.5841293084932,304.2849041749634,368.42206365059235
971.2810224019952,304.2894737263119,368.9466320404212
904.1933961039108,304.08588768175383,373.41602449362966
895.7190693460786,304.52396129682967,372.38757669955925
141.51032647481355,302.21534918943894,307.25182235649754
110.28612488304246,302.0207378131235,310.44828224169026
60.1722958728021,301.8575977895743,308.726472843468
29.09696956275645,300.5992977239875,304.9116418336296
2.152890688594001,300.0675987316239,301.1676180348418
0.0,300.03727623500464,297.24294877101477
324.9651507309522,296.819369148076,321.06530020811374
361.9851717256713,297.2046594841059,325.6669233300024
397.44028861164816,297.36848130012675,325.25444985824885
456.0025628657119,298.5598224696469,333.8292016857352
555.3801231396233,298.4354770194645,336.1577288526051
626.8338129483042,299.47473619583815,340.316473148499
683.0948329092837,299.86516410173977,345.92268836399245
740.5155589906531,300.3793670947019,356.2169333606505
758.1097659699533,300.6594799635656,358.3405034406894
702.7237414571679,301.5782001154441,355.4812963034517
511.7445889280882,301.3883075435428,339.81984099831715
810.4344876535881,302.0974307991329,360.5811256645912
757.9235683578594,302.11229582476113,363.1213159774587
714.4620294221374,301.8746491610477,354.1122099951358
1035.874136781174,303.38232445029263,376.13994989525537
1051.3841298881005,303.3905507042176,383.0150732648704
899.3339254324485,303.7984014663165,378.51121180104576
904.3885847613705,303.71294869615105,368.8204201581818
905.5769163731364,304.28895348799017,368.9829218914908
580.5461932848257,303.3720677318199,354.2101199958324
753.3460602538115,304.19694872329904,348.7956723479337
795.6367335458926,303.92011001532586,361.23502490064214
973.663855199934,304.70316255640506,376.22415873145627
777.1016920053648,304.5501348765082,359.9803351109022
865.8971450201084,304.92109835612814,371.3067405086696
746.1296114817555,305.61220214002384,359.31810828123906
625.3361999417759,305.26481521235013,347.4485867237141
470.07643029487696,305.3373145010353,341.2395212110446
595.6197026184244,305.21125453309435,351.4257042154258
725.7940214574959,305.32571517712705,362.96895794278765
353.97069772442865,305.2634990521424,336.5336359814263
567.246030586005,304.70452493121746,347.31724401939704
373.43410686646433,305.0899190746167,337.26559412473284
274.09523915679176,305.16779646648524,326.8177999260427
239.2044349244724,304.06848895927214,316.3069481051831
296.9632347632232,303.2995994339988,329.71527942330897
169.80476579608123,304.1911096751994,321.74716236909575
70.94802232230565,303.2226750849509,305.5355884994105
51.50369384330875,302.91334346609176,308.00528102564505
40.88664152030376,301.89385913952344,300.25440869850775
25.664542602687412,301.894216971159,307.2369217350012
24.3222392773256,300.9552724912667,301.1636221543579
9.873511628956711,300.5975545430129,298.8090264254369
3.5688348105380783,300.6770540943431,300.6044821598009
0.0,295.5028596861651,288.39026507351804
12.24301187734816,295.8619871401372,293.1854084588406
42.93331412339332,296.424153877178,301.58447334024254
65.39687514634048,296.1439455223024,293.9974527628281
82.70730470395577,297.08918935092794,304.14450283535945
108.59180053601747,296.1531725462395,299.11625586886413
277.5320484698629,296.8969473950613,317.32151217367516
346.4141635250878,297.3330710109157,313.54681558005143
347.3918491556333,297.92594575058814,320.7694581646145
389.2097310605806,298.65044243464223,329.33798496829473
361.7587225093724,298.1156633510608,322.1029953405011
190.812727573058,298.16361884072114,313.9185321903213
271.65247116604127,298.659351725817,320.8731731798768
370.65277121427874,299.1389476339753,320.752500774
385.5045197230238,299.6085524847927,327.9582952383312
433.4324133991588,299.78941709812017,321.8621554829806
372.8319236913532,300.29552495851925,331.1311333226301
543.0296575469046,301.07547353546187,339.87583136824713
639.4782031779182,300.54414370507567,348.0439879729163
410.840117900187,301.0948072547903,330.4036955631472
706.4657836533556,300.6743375111424,355.50886872700505
611.9938562448224,302.1910927090831,353.02784844556663
551.7641073648547,302.3776411635943,347.5423350287417
1011.3650607569672,302.8699770038124,369.6097285217346
1058.8062003146756,303.4323439956454,383.9592928621802
1026.8351737727098,303.68212606456365,375.74596794908217
813.1492258232394,303.81288283763814,357.5617720013506
762.6296101368226,303.9777383863825,354.6039898788428
919.9694816785922,304.836549533554,365.2744787114076
803.7429729422824,304.2683371896671,361.96538760868833
829.2508114003607,305.18352350145574,374.0768718775157
821.9169756127342,304.91235899122563,368.85804195488436
707.2802600017751,304.55957291342804,357.37370653711633
770.6172738040287,304.9328871809977,365.0443065809285
622.3107531158207,305.5599615145613,354.59550146384714
804.4262084996805,305.5784800169645,359.6274745252859
789.8110236764317,305.8754080438525,362.57362014745405
728.4764150227509,305.79381856076066,353.2864991511857
478.9855864530688,306.02391444097964,341.1758453694208
343.49417963630805,305.1935491850544,327.4719087486535
319.52880523512044,305.23524695030324,326.2336281515932
218.07979819828495,304.4395501996889,320.2878832777977
185.75809298353303,303.89942897229616,310.1934491732699
155.793271040949,303.2119071099436,305.7267745473488
134.7908881913128,303.18304463412466,310.70583276351016
113.94135059299296,301.64638121775374,310.2623637451864
71.40646165444316,302.7929411525101,310.8268805665739
56.66684607975388,301.9762476676818,313.6146654889963
41.79448361169926,302.0983870729252,307.0164587641885
16.453111514420875,301.7675076853805,305.8833614092377
7.399774631929852,301.71749321460624,294.3393878367964
6.2566172825065465,301.2473247406614,296.3600903812729
0.0,300.7592672458098,293.95832883286386
45.91518253256961,295.0135735036268,302.33656346555176
75.76013970292281,295.45035905353814,310.45332066369053
145.66625403625122,295.3005473713351,297.2060580815295
225.09900379033547,296.1664542881068,322.05797108032635
269.72496650859733,296.5802108139009,317.6318006458703
322.245841264864,296.8410252065913,320.03420729595314
500.7825337896148,297.8685320972095,335.40750937226727
577.2747395194965,298.8891687967242,338.32375926373857
568.8844421257463,299.4176940376014,338.461720187451
615.5066958621976,299.2767548148888,346.2820828545922
659.6081607495502,300.03358844579435,347.6013334095768
614.8677290207041,300.98579701955646,337.98945376144576
717.7846414874987,301.0952768818842,352.6732652367102
668.5535437723282,300.6723669846063,351.53924825604514
639.8027289640572,300.92858454562975,341.6762421782957
611.515586486006,301.5955896102797,341.2176402830412
819.4479857263875,301.5375883559784,358.6450329911745
804.2438030226905,301.9825527638625,364.74650872238317
955.0321798584628,303.0785415987048,364.0141098130461
967.4727203962434,303.07152680656696,374.9748174426203
1022.0549155919292,303.45058417694383,378.1156435922071
966.0330667092896,303.71388899282226,375.9974914936965
1101.3469854804086,304.97202323936995,378.75148900016677
973.1693401729882,304.4138605508868,376.9820581412499
666.309663696893,304.26572448833394,351.90789452604895
809.1267743120849,304.2966920132955,360.55319151405314
888.7003829210811,305.5786450784543,366.0531456479521
959.7620261674676,305.52190993097923,371.0723766283642
1017.0110583135736,305.6470464471574,375.60575922958964
779.2763418803931,306.4949884575838,360.7108493449714
600.9025480720118,305.717654314013,347.6319310325092
548.6402017634164,305.9034395903886,348.19409899925444
514.0049660423053,305.4827132991035,345.70218225950833
403.521647002452,305.4410053916513,326.61973964847607
482.9601568684794,305.50095732043314,342.8088290387021
642.5938886157211,306.1145345489651,351.2219811289835
520.6293153034795,306.599127066128,346.70999088235766
483.189837620654,306.46746503036707,332.40261758926937
432.9778760548699,305.42610869904127,331.9651038315778
389.60475511656966,305.9631157942465,330.4478984798791
295.65455923225505,304.6986034882052,329.24769159868464
252.04137012551237,304.7436308883058,324.48469890085045
214.37597435999737,303.5150609075135,317.84479749365
163.85489393635868,303.4589507005504,308.13755768948846
110.9512708895732,302.7068318894144,305.69346921872403
88.91520766332282,302.45428298059244,302.89784075538614
42.49716750734244,302.2330226971297,305.0804599597667
5.1387545687360765,301.6376779568988,299.0584582191678
0.0,301.04226044489536,301.5235492358524
2.0682350853889253,296.1376783357639,296.75925464314537
15.02075845087982,295.82882573640165,290.5610868591927
28.08554872436573,296.5976693153071,292.18909174550214
54.93701837411368,296.43985855187,300.74178042420874
82.73655312177036,297.1691924869552,299.4125389485914
149.08234577000533,297.74474339523624,306.1138774399947
177.47503350669223,298.0704165095472,313.0727444029573
267.11774112731206,298.32306061059484,314.6671152816694
324.1996130572392,299.343643723405,315.3092062884039
376.0690170441228,299.2596085565696,321.0883846231223
356.93127226875794,299.0577517722985,321.7783899318812
535.2292313607733,299.746881748664,340.7013748673414
363.2042578139843,300.08903921339544,328.6386728965789
562.928013287978,300.10067570567696,336.0801329623919
416.9827383284605,300.8174547244911,329.189155334165
555.4559560737023,300.7829021804347,337.14889462097784
514.5555055029994,300.82573604189434,346.22563087633114
570.8109265008192,301.079176295244,341.80378608295445
599.0801715224533,301.8441128610724,344.58064843427775
723.3044468662024,302.1160272289732,359.2289322570212
875.2283818898134,302.38407141567683,363.53039355205334
776.7200546241844,302.92513689731567,356.4064895754191
864.8004828879988,302.39565470363027,368.18983327195724
958.4113975692908,304.03139170904,378.252570537938
862.6605997535478,304.1847760081505,363.970391446297
973.7491640639128,303.39412855469703,370.62672421031846
973.578783976387,304.5729955676028,376.5562811819894
946.609033502236,304.88252178123275,371.9311679434445
937.2310762300898,305.02474877226854,377.0740234420449
907.8055815236236,305.9140047971058,365.7291114988132
907.3759700956012,306.1245718657973,367.20157633054356
804.1138776453332,306.34086078305535,363.8015062700968
866.7011329258274,305.69069591943554,371.93065642680887
824.9921498414964,306.673362475738,363.6478533835828
840.7623922248862,306.4927150648173,366.9744674574123
665.4231131933211,306.65078366376866,363.50597538351525
705.4930076846591,306.4414474156509,362.1970104776647
693.9427079407193,306.5741285378742,353.3730282531155
473.0065954526133,306.9755662198851,338.7123215041378
234.71515061826656,306.6599654063013,327.31568928967874
212.39257941791408,306.17111512152707,312.6136571256895
288.3201470319252,305.83662662448654,329.9876099436353
288.7099049745396,307.00077190890005,327.6637829508603
244.33479544161403,306.3209925343501,318.3834321005994
296.4990920533489,305.8455325388982,330.3801452290914
295.7574490290665,305.86031833693954,325.7224373749016
204.36118749104415,306.06740814883455,325.54460411900095
136.0693750543826,305.38427420482884,318.6722696999491
84.12762786324731,304.09387183885275,313.4485177170114
45.85060633510685,304.23474639576864,312.57238132717134
29.78401209693305,303.2596879395828,311.79461328509086
10.78472786773394,302.582726540822,303.5640149287646
5.822604091723924,301.7502382422278,305.5966809991357
0.0,296.0003251415907,300.6057030775733
14.05809023108727,296.050331724434,299.7097729034452
29.308123497196213,296.64319829623304,294.13733520958175
51.1710941553912,296.7491701423246,294.0603945139128
84.49875964055845,296.4911339835872,297.11087333138806
149.04488569889662,297.055802718266,312.4344794307872
200.4872242081045,297.39887482680183,324.85472448815773
200.08472959133084,297.48778721640514,308.86554912052065
284.4854057198022,297.41985375229063,313.38027312705134
241.41569212704812,297.67934826312694,310.8207109416752
445.68159305662937,298.19764192113706,325.63134497258824
497.9298440277527,299.0078941696575,327.62672261729847
553.2825577576945,299.45011361527094,340.62859711828605
622.1634905209278,299.335254338484,349.44940742829453
658.4279211528085,300.4778431818126,345.1927818304974
718.0407026182535,301.5089066764836,355.3777413199693
761.0634586739974,301.06174860079324,351.02744947220555
799.8815716078606,302.1902543049101,360.6094507860337
826.1154224709635,302.6788471783415,364.0553509310839
855.3328899821898,302.73032891458,367.9239121718258
897.7881541055717,303.1703793102686,369.3219087490693
918.7735999632146,303.69063240350766,366.54915528827564
914.6872945671528,304.10193806149016,372.61677843096203
945.8575110400924,303.7738332647234,371.9118435263842
969.479243468954,305.0021818925185,375.52408658309184
942.4433773120162,305.1691690034151,372.3573660208493
978.9134710509028,304.81142284272727,373.8747888689881
960.3187331985504,305.02862349844906,379.47363070402446
961.4019175589256,305.4769609285728,371.94517384968196
934.6379338606508,305.75113262130907,367.4011453519814
896.8569569850013,306.4484847720616,374.07525941292363
858.8311120239122,306.9443982119581,361.82156394988533
872.1390212465874,305.9582988685183,373.94364251548876
864.7917722499462,306.9483815854857,362.79775572939246
793.5717954031966,306.5689994674369,360.27578313112804
748.0831695289849,307.0585336935951,354.46476405239736
743.3513651610857,307.43261775143134,353.8681106933693
758.5804963896182,307.75360234625936,362.1354458271635
672.7302153911228,307.401572431209,354.178280589703
503.9358462627623,307.51666818053604,343.33043753471287
630.0589727076963,307.86570661518164,353.635320207219
543.2869680548645,307.6669151597662,345.53408511767526
302.19213581393143,306.93258344256884,331.3113860738931
136.91847321739448,306.48924425167047,327.0749645709162
88.45929831650724,305.96972860615057,313.4359635431037
80.50637407780548,305.5469580029311,314.43960433228534
68.49091132351951,305.3696511782832,309.83521824894535
46.43057062925314,305.91177531370585,312.561604309907
40.54666110899613,304.314668438998,308.511292191729
28.45260545853526,302.480377210227,298.5535169732687
15.26062196880213,302.12661048369665,302.5222943998029
4.5789289574855685,300.9149194183227,302.7757167578143
6.036880642120267,300.330217030256,302.35442904346917
10.158430012162455,295.68348859452567,299.9557043964584
12.306610431081198,295.5207182096685,296.795198871832
28.239292972214034,295.57142483573887,290.9382292836632
52.19083654171196,296.3581795455405,304.488785216731
88.66042742402918,296.5062338901594,307.57435692821264
157.81026137371208,296.0206167365122,305.1866892814675
221.54681974192303,296.8955592209905,310.0156010261121
271.0940963186196,297.33161825009165,315.8693125110977
330.14786221915534,297.8766585733563,321.6653429581912
395.70549163382896,298.7627206866277,331.9350446287776
454.774300394184,299.2527617904011,333.8607570114961
507.95646979544586,299.3671110987433,335.2741701151715
560.9444692730503,300.0350355489124,341.3039255990115
628.9397999317541,300.5185212942848,344.638312284714
670.064736875991,300.75310649533986,343.26729832008374
718.6470891807021,300.90759721465093,353.1017375611555
762.4208475851656,301.6283657836216,358.0216484706002
812.9256677404609,302.60445774683177,358.6458034491143
706.7604678373689,302.90842744988754,351.72374803675484
972.1874102073056,303.1202824539095,366.39307807536017
834.9877564713704,302.9447157346405,362.23905048326634
981.1727466807909,303.24849136666273,371.3183454094981
579.3979880715933,303.4554344046393,345.2885278108323
857.730357165703,303.6916037252203,364.8562473750816
710.5781476201944,303.9991558819143,367.6077750959741
685.399965933384,303.77530926368354,358.39497561010126
1064.4330766824826,304.702199805654,378.9838229333852
525.84537468086,304.2396342183134,339.3701460362293
1010.4187099575184,304.779273001248,373.1578450625393
691.3563606299382,306.41768783035195,352.8844725596782
583.0714530426469,305.06596377815634,345.7841566848086
830.8405966075999,306.16985580529587,365.7323143861724
960.6761555626852,306.8444871177281,378.7466408167191
715.2540072939173,305.94366317636644,355.1525667179588
243.34988851345915,306.19587385404674,326.61627627046147
459.4890696829994,305.6166830818778,336.00754549956315
304.4070584207095,305.9871191842799,330.57716187568775
329.8281970745534,305.07754305150064,328.4733962938388
315.8036847099152,305.9813763970864,332.2754328547213
524.210364913713,305.7881756705192,333.4937723174828
537.2190421285525,306.729433344283,347.1656070836369
365.6067125708974,306.5451936892737,330.79905342668826
449.3754838495337,306.64723064193055,329.9075191243148
392.9063513975382,306.33266075499154,332.69646947061517
426.3884546702562,305.657179524744,338.4085796310118
315.42102011328967,305.25483679311685,328.47787852839895
72.62738105684961,305.296974660195,309.996575504966
45.849003137624656,304.3268794887106,303.4554248980249
31.053923952781723,303.78846628542607,304.6527425327488
29.87893911048801,302.668353960247,299.7668376090019
25.159097386124465,302.84842321481534,300.11698328471044
11.290048294483306,301.95716113834845,303.7171032903311
1.1274423516359764,301.4609156817252,300.1880707007779
0.0,296.5692089199041,303.01537206339844
13.13899028001856,296.2373975609356,298.6644912633163
24.935466042932344,296.31687907023417,302.20078415023823
56.87881760797187,296.12575594382923,304.60445220752626
109.22934571310138,297.1894244394421,308.48974309663055
163.49400383825596,297.47164428118947,307.9567137779046
150.0209215256369,297.52417901238937,308.31984772744727
253.4732404181932,298.9587207604218,317.95767149413876
305.8580321545446,298.535879389018,319.1714851351594
340.02403132215767,299.2660892670326,315.9267251075267
449.5041643545808,299.64915758951537,334.10282315645077
453.72626632235625,300.415111841264,334.4042926556528
558.4334190832337,300.3216844596593,336.41860319108184
629.8381185059446,301.2441070471807,348.28120455253963
632.9472741867165,301.94484685590766,344.71086401620374
693.191159730371,301.4691382288698,350.0463935359131
650.3262515124379,302.65709065880435,349.3115830813904
674.5970611745848,302.04743619668125,352.39436319589436
455.3957778604863,302.75173733632283,336.79379263961846
602.2086884265112,302.9635496958288,343.54256211169815
565.1037386414461,302.8188884964875,345.98622810530577
575.6470540539491,302.6939201757316,346.804991213738
844.2342945997423,303.61942531623083,367.2305697690684
981.4622430237022,304.5123251623832,379.88395035533654
750.9674181620142,305.1585373503333,360.4020854771001
1024.1056138001838,304.99504648744664,381.4325761452813
597.5112670635987,304.9886521544018,347.2952316137191
572.9779282911297,305.59410445429006,346.01138524750303
634.9507994828397,305.51793699836685,356.01448695682126
700.1218706309194,305.24293288974485,356.037961467213
357.95618612802303,306.0200625669609,331.06148651476957
302.01890364247924,305.50285057939,325.1408054278066
298.6024300382807,305.3814103227029,327.4396586314615
297.2624684241245,305.95494397027267,324.6503271650097
275.5349413374653,305.26654805129584,323.7899516953865
660.0037805712366,305.86830405055355,354.97582567140046
361.32352475728425,306.35959442639046,334.46037384258506
335.1155501016085,306.1010288850992,320.2565901422676
269.8695267199458,305.37367305369247,320.7524459152374
610.4990355925177,304.971139811898,346.6218023745638
472.143124756335,305.4846830624104,339.66518627219693
480.4770648954411,305.6300988734749,342.1220045906437
356.3060110932664,305.2623655031985,324.7932218247002
365.0314005729125,305.2383522959142,330.4357460052041
220.059026720859,304.2965246508843,322.32393388136126
173.8871218816232,304.0119924076258,310.4639945000146
130.54118491903978,303.8870303282038,314.8175724438781
67.11804288022668,303.0130390966376,301.86095710866925
38.77582608400043,302.98623493307366,314.8662439438961
23.836560442679588,302.3230661845053,300.84141460644935
12.38390353021562,301.6748472076845,305.0531409951617
0.0,301.0445422865032,301.85328773652554
2.520469841055763,300.7641403494632,303.7060924911199
4.639567763178634,298.0071588817698,305.5319358928659
0.0,294.6693618848461,290.525256351533
8.476368146880889,294.7579492197099,295.9529525673187
33.84206834733674,294.4559779446087,298.25653317855995
53.51545998506251,295.2446720044721,296.03879599718954
93.53598390563188,295.741428433806,305.1893295444706
174.20134548008417,296.8485184033074,308.77929465564216
229.00808164546828,297.00348664545265,325.61711552874607
280.5517077459376,297.3554220006527,320.9260312686275
340.22735786391064,297.5999785501233,324.0482655463226
390.7219127155909,298.31540053136706,326.93561235292486
447.37034148738593,299.0476959613605,334.82092314315264
505.573504469758,299.9580192599714,335.8509801772075
573.5886664442338,300.5348694469887,347.6910894962712
600.497971779071,300.6050753669036,336.9098895753553
673.1519918088928,300.6464018660519,351.89557259010996
724.7618922883008,301.7600161900661,351.68313381644396
718.8571078900857,301.99656218704695,353.4371300016646
804.7685541431175,301.9531529788282,361.2254145938254
827.5711611007794,302.73286200443107,360.977787443671
801.356886115454,302.65245839187503,356.91270295916996
718.4347715702676,303.5115853778658,354.6845339790776
796.049696204632,302.4850659304585,354.21249819044186
980.607843490278,303.586842710046,374.7469851147075
1019.992180269097,304.9417163546436,377.72239187909713
977.0854533132368,304.9339595210402,378.13598272238204
937.9669792043406,305.4597820004943,378.58199825891916
1034.514552459328,305.08345787205093,379.05264797266267
791.3174469345275,305.6286590147816,363.65646336451726
919.2448527782806,305.70466732703613,370.9775666855202
997.60192586949,305.56148143940135,375.31277420321175
881.0393067901126,306.36634931314006,376.2938786004144
514.2617365128538,305.92104126844174,342.7849065797868
736.8988226674452,305.5921331913697,367.38437762699846
725.5605443730707,306.8256193020439,362.2305411183591
406.3457984143849,306.2019549422336,338.68420824768606
548.7334860824257,305.8787230821426,345.24623344224096
542.9112894950371,306.18763994670223,352.11288182585366
728.1015182287483,306.6228110848183,351.80836617603586
644.2182182394572,306.5643569766584,357.7842334512495
574.0892101897024,306.3894453927924,346.1859671671534
477.4067472338964,306.4456441924652,340.6168867966449
205.6226779160665,305.52788987154224,316.7031505303437
312.55334367130143,305.8805764415524,326.94666797902414
328.7410190781809,306.4316459021554,322.25357528489104
288.90252077482177,305.6917880250477,329.5394493009125
234.1278684868633,305.60280363354934,317.1907482317107
199.90354456721312,305.8796548416326,323.001502116058
84.32428244054103,305.15702952817617,310.6725399882687
51.15138316346423,304.8506341846171,305.9691933485378
37.480021777473176,304.1675495457086,307.46842063722727
22.27310519909024,302.85451226477466,306.2608863722359
3.5723259716686666,303.2269740231277,295.25110073058255
3.898084911320158,302.3320079147435,305.9706415788024
42.54201159210511,294.3732123020509,290.28290249167185
78.36198485119257,293.0913426824791,296.45334426229766
100.24472553741396,294.47032646375163,300.92961545950686
132.02496829369025,294.44297625682754,301.91216635597414
132.39747601354827,294.6327268739165,302.8895191289613
156.8120822902097,295.3248196484915,300.57163798667807
195.82634326971572,295.45131581153004,307.49184539727355
234.38041352078005,295.979597341284,312.49121640791583
295.9306237891108,296.3349740567916,319.9629985178759
360.7312659980281,296.4777563679333,328.6126408714502
393.7894044214055,297.05901946697713,326.83766787973076
482.5459552186596,297.3076124331025,340.8189719035192
703.0295489475894,298.03505504697665,343.9333364745925
454.1315364221151,298.36150660681386,336.6258235606844
610.9385053665019,299.27367939903445,336.7042122994388
629.6941841510138,300.23812622259214,344.74761267914647
929.521556707911,300.2703328760903,360.10760070668647
946.5373832255505,300.8847707675742,376.6854891484592
878.542835912084,301.4856139579981,359.25968658234007
900.5628043841872,302.1481609484986,375.2368706147086
841.9297469521634,302.6747778003831,367.3038615066884
717.7281273886092,302.9208048299226,353.16178070900537
1054.231872431678,302.68761981301645,375.905120339569
865.7519802422713,303.27399812279094,362.7429665072014
709.6607589419829,302.967958067824,354.64313854415263
888.6842138903409,303.2660300135527,358.75006940386356
973.8654472365524,303.75275252731524,374.5475854817933
979.0580674463916,304.0895374003811,379.18992723643953
913.4745542579624,304.32731526584973,369.3380217976099
877.4206220980161,304.59339581757484,368.65646215437556
646.718678682848,304.44475156672775,350.79635029519494
476.5026221085144,304.42250622227675,334.8568066502742
708.546056580709,303.9911781613627,352.5819775778249
604.2807123106631,305.2676507649056,348.43242089446295
648.693329564036,305.9355315516916,354.9862723704616
561.2469704698098,305.3583869154511,340.3084674200562
525.3961867286736,305.5381511435005,342.1548532325265
519.3773852363514,305.7474728960739,337.2944538534987
534.22602762106,306.00006458181525,341.78545479551707
476.5832176215156,305.526703553378,337.4449681753215
451.3191040464099,304.42400482389337,327.3543663679102
306.42396382679897,304.8881695852546,323.79171582313677
257.5367093060338,304.02458860719634,323.0846575235199
219.8186560544815,303.0723000875972,315.2615784621308
157.41042200802525,302.6909463631347,308.9249503898887
89.52332205937975,302.33310413350534,310.943483959804
66.02780498215174,301.8675285976312,309.2887596732721
36.011962030663234,301.4239429130719,309.0135638499498
9.698710532998462,300.8776943021496,299.29778954454247
2.6964377106542807,300.6982836504958,299.3471202827872
2.0267820632743403,294.29149074551754,289.08526125777115
8.158522153742025,294.4926076504606,301.2213207676628
16.190174488138368,294.146767149357,293.3933744355134
49.77938532358306,294.52291745764484,300.0370793811957
83.64394841542963,294.25487842536484,302.18690607575473
117.1360601008053,294.8260268591629,304.35405791093206
161.5394749653215,295.484246616339,302.68112037943035
137.1001150453652,295.3248795399876,302.4337460849821
162.5857236362486,295.807969857095,309.3417907746658
226.82961091864817,295.2204791350269,316.54716469287814
318.3160023911488,296.0445777674404,316.0246090152265
264.35359726988713,296.5400576331658,320.4286417285973
245.35850647929504,297.1405253152315,311.36378487142184
263.31123316075474,297.4350227037178,311.4875924694331
370.5457397932274,297.541183330218,323.64617568801043
437.303243928508,297.9782219851338,334.47869160293277
313.2031652520921,297.9892694754954,317.69991135187587
300.00802032940504,298.2878137247121,317.15330143315566
272.5049681511607,298.1738459540649,311.2144339321083
334.76188964366,297.85781632110843,325.5040890021851
347.49527816216926,298.3969898485724,320.7122230700993
432.3703220021789,298.8129925122988,329.3808220675231
719.854259791917,298.3192772649299,347.5203664642438
548.8814067340603,299.3477530210631,338.2301679949524
626.9996690928417,300.4389668823059,340.41557350738896
1162.8746140242624,300.32706166231503,385.3574324233025
801.4212912906859,300.85763279084927,357.63526615022863
1136.457713690383,301.3752798180319,380.65289364852913
788.2883524803481,302.2640544552472,352.86257179351
656.3128261088772,302.20346974996494,346.0198728535099
949.7785974391892,301.7265699377493,369.1763428395877
785.4338276045027,302.28105491151337,358.1824906509178
892.5974797193275,301.8771506406508,364.67426167147295
891.6672673235913,303.0152050150135,364.67543152661494
859.8330233201094,302.9931934218534,361.7773095813782
760.2519792678507,303.51375327374063,350.77004150042484
725.3625314318817,302.73208584185767,356.69447072872634
712.8037166351294,303.4923048068623,356.81067855943417
644.2264626627046,304.2599632751562,343.8205263532766
595.2960978453013,303.68610005456674,346.7239111737897
541.4972917877438,303.4175192667746,345.1379273567028
473.9457523872907,304.50625994593867,341.4034964871695
427.51700648929074,303.9810413020722,341.0599790836668
313.433548545521,303.7072343691781,329.23961796511196
308.4009308142307,303.70303912406126,316.8838711079151
250.33292578801945,304.453319023344,327.12703176426214
201.09839530811544,302.885578179244,322.49799952662806
137.71455494799557,304.03804868356826,309.77129167495826
78.04259212998593,302.5668090407746,304.74213088271534
44.89900612451716,302.1490339728654,301.7292705884122
18.5045799951991,301.5135610747186,304.7778550358878
0.4146351614813186,301.06600993204336,298.7858157104627
3.245504740120704,294.9115510289702,292.59160891977086
11.807379622547884,295.3123773886131,304.2236577673269
31.46517957856694,294.76276009191184,302.43013942656586
56.77103237247325,295.6092325632728,297.601055204337
68.1914056911345,295.1466521794845,301.31367819267194
80.08213879617237,295.99805863134253,299.19604742385485
89.40947389409732,296.18574278177965,307.4915358635306
142.48638648795352,295.6686442678078,315.08127685618075
149.06443177108372,296.5986227805156,304.22179092090585
188.84816464749164,296.6724156231873,306.258384477706
244.22178955479183,297.5285279366073,319.78316123051667
312.8885267429068,297.26443808530667,319.64229258381215
529.0265660681154,298.7327957711168,335.441047835656
504.7668007260516,297.5887653537024,324.75160127164776
353.8668019880905,298.6841488598092,322.2751095794312
647.376472477894,298.8604290868131,346.7151734864158
439.9515167405774,300.2773162530549,330.04856424958837
472.9032956761679,299.84748970185524,341.47804536315454
724.1585686586661,300.09949447678923,354.6972859066553
1011.761038285532,301.25097142942553,378.7831171014109
711.9898901606056,301.20455844410185,347.94152658712164
512.3965984152492,300.9898715330796,339.9929934710802
628.7208110251871,301.0250058248113,346.07148803389873
765.8628856434257,301.8185540207,353.0111152821121
516.6034142769815,302.53665008980687,337.9270600278253
637.3221123409824,302.6206131709205,342.1887010127017
673.8413734875672,302.946818055092,354.0555607639611
475.0934033598583,301.9748693286758,339.87009709506856
1039.8067022350417,303.4116848407942,376.3198681677207
677.9857545471247,303.9105213507464,349.32815657979154
539.9121296329837,303.74364327266835,342.40541432811136
416.9981651996818,302.55054826389204,332.61800739214345
434.428301646104,302.682688127545,338.86596509553937
874.2526044521385,304.1005709549032,365.22199892770305
591.5215938657545,304.436659188465,344.4716382162697
154.09034493779174,303.4057559095023,320.9539831916314
178.1032269983407,302.0976973169355,313.78142973134743
131.3031567528413,300.7899649704757,316.07580035359047
130.5672336118433,300.2732410076311,307.0032082325347
205.4376533149429,300.76198739809314,309.93058302073916
197.4300091648887,300.89796365913105,316.06270630463194
200.4114059410115,300.4607419939511,312.61177131039534
144.2592117546957,301.3234550892288,313.0963610658513
122.96893325833256,300.5273092149513,305.345974998231
120.16108932044769,301.0765137050969,307.56708782194465
131.40615538081974,301.0371283307027,309.05103899732313
121.11530168401184,301.8472606107569,308.4434220504536
99.44969920293389,301.32351940228614,306.6983283764782
72.85439364258376,300.77620688738887,306.24941538138813
44.85922676060739,300.6140854132039,302.1438583488771
19.50276448400732,300.89937721219417,304.2297530508012
4.663853733634695,299.684117310481,295.9432511705049
4.51617819555303,293.79166554833085,290.1636460380275
10.599539889439024,294.5153020587392,295.64277252277117
35.24362332498044,294.8070921102224,295.9701899582964
68.52933791690494,295.2378103720169,298.7144955668417
113.77486910169108,295.5987877282616,300.6825197813406
163.02806895531836,296.4552116952201,304.798713405072
241.38659928160368,295.8975587528872,318.6543243870327
340.24516966949574,296.6441590416064,321.5179509393576
384.4111821990128,297.71066100018385,327.0913216660286
464.10904625143377,297.6733123494857,329.4358727935529
438.478539621066,297.9290236080222,328.1614353412154
419.40141111365335,299.5167533656856,324.5047306775502
508.5058834703101,298.8200173605007,334.9296053056568
548.2233464934495,299.74961838886685,342.07290632739824
418.6024321105572,299.7191897646306,330.66875870487127
440.3967115705245,300.527740992589,336.8255992343147
540.8856471873289,300.12335908251526,340.7546029987706
592.4315783818113,301.12764254545186,348.5793314730515
747.7877800735573,301.250886882522,361.58891852861404
915.2744990247054,302.4452833637777,368.9538546345081
927.064760911828,302.318957682192,364.5457700116289
1034.8073601478918,303.20669187685576,374.7204296293956
497.9073291537336,302.6447089944721,333.66284126797603
1111.076417939106,302.229406088233,385.8249535032726
371.9203085783036,302.6553452250776,327.4165608120824
337.04530953139505,302.01260996682936,326.4385566172915
621.7813646364699,303.1297061619487,350.6118373927072
586.880671433574,302.7524755508305,342.5501891139257
281.96551597799066,302.20340616186576,318.83056004757145
460.77245566493536,302.4331733711127,332.47705510270777
746.3350462094045,302.3694324646113,360.1253543701365
673.9967685962488,300.8933049675825,345.42105420749544
492.0856011744576,301.5784046449593,338.6818386722833
196.8097746600831,301.9282738609029,314.3684964728025
218.65158573060964,299.0180455368852,316.4540349007748
332.4392166949268,299.41990168399764,321.0979648288815
203.0072036147553,300.0234683325257,315.9091794989484
178.5490805477937,299.7622012440491,309.6693243428876
130.68057376478092,299.54000924296423,303.8800969158977
112.82688692012135,300.1073399963555,301.08466420032147
95.78621024438507,299.82642861441377,304.9696322866958
105.8823464900108,300.2532507187296,300.44738645752284
125.57023150047374,300.0641902953651,308.64932332916436
116.32046896857648,299.5725569045105,307.81586062528095
101.48325619785312,299.894910772018,303.821778913057
88.84886885066463,298.9873115235845,315.20377960948014
60.36912478648127,298.5175171209845,306.96245896673895
49.60218669072622,298.711840182079,300.34709115130977
47.049309842926505,299.06845986258975,301.2487976558487
41.54953445188368,298.82347381323626,299.50027738582077
22.344962874939828,298.1197317606224,302.4217941958606
0.964435003904046,298.16029752743617,304.29628215199
1.8239905046358664,294.76614002439743,290.613712818947
8.708781378902005,294.23026626380874,299.15029866978534
27.72294885108395,295.15695170957457,297.2018745635513
32.06473865121078,295.16237949212234,300.45271524989425
50.14035165889069,295.0678215417204,296.9615553539379
118.4367203361185,295.32384792187764,301.16948081177526
113.08166871723616,296.5041991834765,311.07172399508664
139.80300293853702,296.28475609035627,300.91686210924047
159.4018566010416,297.0551056086869,304.7081131771925
277.7543800108392,297.64864664397084,315.83985820309806
637.7044216623116,298.3947344818568,343.9375129308766
627.675836540605,298.44097047601474,345.86618111910724
545.3271972268698,298.5076458641298,338.42590953409547
487.7525283621725,299.39389889136044,330.2396747075813
653.0552328917129,300.2114729109336,352.2952756542679
717.9929683836805,299.93238297654784,354.86581021972705
737.6936162650854,299.95105534436027,349.9319208987874
717.4170972254195,300.486536451071,360.2256882787544
496.0775420024645,300.65788001757,335.9993910501635
464.932281832605,299.82960342977407,335.0508052027996
646.5375038264475,299.74481380960606,343.2354263649421
667.792759882616,300.79764476893547,345.46286477067105
476.9757432909759,300.5505371260927,337.8082401096003
438.8560943227289,301.19680749827,333.3679366371474
421.6034226646274,300.60631004639487,328.4887438916573
563.2905501244048,300.7578736690695,333.8008614788815
678.2351579524709,301.1252741569512,344.1980938160311
671.7175486902884,300.7951199909522,350.925955460625
801.0395888549218,300.43231021349135,354.3372931818103
885.3708636995941,300.8029501084336,358.4827326489002
896.9890265286937,301.43858441039583,364.9157100144314
704.8821929874958,300.84983859091903,350.52896836823555
920.2439899832304,300.8044479246352,370.86411057887364
460.6613411374804,300.55785137243976,326.5842747222665
503.275522852792,300.2497585729522,335.5205259165366
644.3966046632578,300.66026838988324,345.88600803513026
636.4780705834024,300.81391990316564,349.8672279324466
453.5050391216509,299.8752477273469,337.2645325326213
362.5665331931837,299.6602910551253,325.213542570893
407.2195274245471,299.6122696881364,331.2705449580964
434.6647180729715,299.96869770342863,327.14160944321594
486.7819585692926,299.2834904383616,337.1181230051124
329.09821547897616,300.0691120158476,328.17288847546376
306.6012682889961,299.01182352175056,316.16405230090714
208.95668122517205,298.77801042261416,314.58587066710226
191.979394472349,298.96275188727304,307.4076605875081
112.60722421291676,298.6898745618296,307.0300618709172
66.26414012185055,298.1305542616407,305.1695472467275
78.05024705788861,298.169647393688,301.8350463860634
33.84655353643765,297.6961754614638,303.3105209265578
19.829748065771174,298.582510896987,293.76425924615955
3.41729531631672,297.7575074499336,292.08898947887474
4.608650950629719,297.37815552261816,297.9538712125909
6.058370656219937,295.4556501438664,295.80822505244123
6.621899759316801,295.423238409705,292.29558905301775
26.48079825619153,295.550501213157,294.441460958469
46.31033210461602,295.74639810475304,297.28148951877694
59.84408023182784,295.47831446485986,312.83208900946454
98.62963457423756,295.4420444768666,302.61028980157573
159.12276616275733,295.8672149697187,303.22274309032576
200.72076973054257,296.35237740951806,312.9366638833262
231.8595510554945,296.8818733898463,309.03985934973
300.7717521567615,297.7919810421866,318.8761681518014
310.0289442645902,297.8492162720808,315.22445551539664
303.907979099085,298.64442655944487,319.3788097998348
352.86545107110294,298.87695496643425,326.0229606255081
444.4159378509117,298.6104035110634,332.9366886584322
438.2318214867983,298.62584699904136,343.1195814795462
389.926293279184,298.79800110999446,328.57439591090184
407.6567774880655,298.8179880896808,323.1067078356147
402.9555049688871,299.1662984300804,334.1229310776569
409.76421650023326,299.12650990179674,328.49236292371603
641.7801187993495,300.0219195440223,351.70508896442936
776.4964330355689,300.4446944416749,355.2656051970138
711.5869728489162,301.19608723145524,355.2555835587977
662.0042458958695,301.1742745041986,346.4545090345748
805.1930091410446,301.61132992753625,356.49351729304203
995.2950633964084,301.4484277224699,365.7481259142826
661.3592489885758,302.2945257273464,353.570882829714
714.6837844343509,301.02969504417814,344.75913691046037
806.2706513489912,301.31798293289177,356.5053942998722
891.7416464845664,301.877925502872,371.59823490083596
816.6959692935549,303.19004174459104,362.53025439681204
716.6096047267799,302.3035615705056,357.48487779937847
743.9543057344874,301.8898892310324,347.7450443655205
620.0856116596846,301.25055605849246,345.6643051912983
726.4398344448466,301.28112196064933,352.22960648926215
677.3909574468997,301.5568133129097,347.1951035844195
733.3471797918053,301.4287506900951,352.3592855084479
862.506133619709,302.5397200245933,369.1587745933327
782.2367548052857,301.970393685024,358.8510182664245
531.4822145325284,301.4045170366268,346.16793826755895
418.0333242264098,301.0015601807893,320.52644169259696
348.7276679857817,300.5980043460627,316.88810761216064
281.3609842850348,300.36188555005566,323.3590453881076
179.96614775437286,299.56352354355784,311.9867050507876
299.0469707076331,299.8969490812182,320.1545939717087
393.27570353904,300.2969538571384,330.0689853134812
214.6679300332541,299.9470337279651,320.0283663023497
172.06042165323754,299.6737104353706,310.9416572231988
108.99007235229392,299.1342837880843,310.35223650590257
55.12754784060322,298.4670905347604,303.64905803124987
22.77014531609827,298.0398135258366,294.40397739540794
6.462190237844627,298.5656382989237,296.3853081940419
0.0,297.8866468179368,297.7976106194023
0.0,296.00584613386536,297.6478362008096
7.484691165324386,295.6705814455462,290.8113141601118
27.038985341923997,295.74712069115355,297.68132424038726
68.47220041093959,295.8456170848715,299.45567246098085
92.95348539921572,295.3530583556772,300.3803340952039
155.42693559104873,296.1610852250338,318.99052028777743
198.48000385279568,296.08590032959137,310.85120297558336
199.09304511165115,296.7355262956368,305.3984358539302
256.54247960597206,297.45805089083694,320.34694382031785
355.16564802832227,297.67039983284025,325.10532231996143
362.97892385578126,298.4828011973583,324.06317917181906
503.5066960377773,298.1944893043603,338.60444381912674
331.61997928200526,299.19499594718843,318.68635056027205
527.1430164349014,299.1826688453684,337.03526036066023
438.10760784615104,299.5208647727344,327.7820936609376
399.1600554086122,299.6773932252027,331.1963612371895
538.7328446101302,300.3311938501487,344.74757720670976
680.5299214248851,300.08771645791296,350.50969363528566
562.1292930115179,300.5954802582675,339.91950353423226
739.9762656795407,301.2398461076,353.9267800116679
1004.2348536632284,301.703386520078,379.8530743344579
757.9644375305799,301.696744415228,357.43429644680316
723.8759621560109,302.34687899497067,356.433646586384
695.2907317717611,302.1083687327625,354.0863617013948
820.034643979106,302.6379829887757,355.8996934471925
855.8592554352408,302.81621630556214,358.2386495096001
883.3975759315466,302.76267943815185,368.1055586941539
794.9708298528888,303.2035199645079,362.03380982403183
535.0240471939371,302.506685679546,345.2147138297829
1011.363884964241,303.1463760457281,372.6251375276504
1056.6422094457223,304.11768209102945,373.4250928754351
576.620641793028,302.4593262919551,347.57922663389087
821.8934355353587,303.0933836539423,364.84389865042544
640.4354527910646,303.00876255729366,347.1408120839586
507.2766509944454,302.07555317362403,338.28615819856975
473.3589695570449,302.0371312198919,341.3315036273993
682.8428650805248,302.22210220616927,346.32474950352116
827.0012992961767,302.4539411600486,360.7472774244132
589.8530360076231,301.8495892839819,346.99290229219923
621.0475890537123,301.610202676465,351.08113484797644
624.4889191621007,301.4684008642648,346.72064507957725
553.2311761413354,301.45685887669447,336.9130308180889
465.03069385177446,301.30731145612174,336.8758967038389
423.20018473531263,301.42136932165005,336.0082351536371
270.51468112743703,301.6499257654044,318.2035511173408
297.8733523347546,300.374213141946,319.0804315780457
282.5216415031557,300.23388074387583,318.0963454253569
225.5218614209654,300.40365117260905,315.09339528010895
149.77665985254933,300.2120034302806,307.81698290976806
75.07444390771806,299.8005906379389,305.0982507538337
26.433642841282943,299.24850356392085,301.13108667001717
4.6942386136619,298.8893123994703,298.9513618884065
3.707202198632082,295.10476917628364,295.58339378799093
8.053909373220797,294.6483349087581,298.4994778986751
25.38831160633428,295.4189420551224,296.6470549721544
35.81751365752673,294.9075694436524,301.7243688677397
98.785810177738,295.4358021729023,297.36840820855934
101.85265746481365,296.1177481215318,299.50595200178213
133.97524141095562,296.0669275083963,300.86421786647674
156.96926731468423,295.4257459767932,314.07692456398746
174.8425596628165,296.26769074908907,313.65928537186323
210.02497101539944,296.85958942682595,314.3956207321102
375.2261293709839,296.7379589161412,324.91250693052973
551.2023408588792,298.1562078385387,333.1811930195297
616.8777038963675,298.98504618200406,338.0911248441821
491.50020948555033,299.6131761451554,339.7010882345879
669.2530042682788,299.2694206032984,346.4947969132834
699.0748372245705,300.6217680246767,351.45164905639115
404.850240010486,300.49788247422026,329.7129167304851
781.0025066034657,301.1268150912157,358.8679053372581
459.3094471837557,301.90681498134404,333.8009021910468
744.8535129286294,301.0804991317158,355.2780220254833
709.2736087293328,301.33215560343245,355.80370728911737
688.5305344752124,301.39930119881853,345.73374563861955
912.738820147542,301.4400434125004,369.85303949560085
1058.519273996187,301.5766162859432,379.88450500135104
941.937846786896,301.92321800791456,370.3266403986988
380.5097195015183,302.10550165588853,325.8596665182248
319.1518809800249,301.03778624668604,329.8053368058104
221.02914336562463,297.5954205330577,314.01401344862535
327.5715187991076,296.6559403140621,323.01452845874115
555.5572928250127,298.03460704613707,339.40131607438093
542.77905029036,299.0613630840369,337.9254906155483
788.5637525480792,299.798768764964,367.10667073068396
995.4334591765144,301.22439153723144,374.3491668763867
899.9978564992432,301.9176713799447,368.506678050115
457.31247890270953,302.5350828829058,333.6315984368533
863.018859278344,302.1083825814471,368.62521484000956
786.9355165316117,303.2187022234561,358.994479328108
620.1555961527607,303.3156469850352,348.5320442373027
504.8315466143186,303.0880996911615,337.2366244152491
327.5386674176252,301.68767001212314,324.6348768028279
633.58712643801,302.0902037405732,351.02023206728325
539.7116465096531,302.5265127671844,358.46235742535697
463.5599936930589,302.2250806718195,335.56352137240447
451.1595702408696,302.3955775360485,329.9299081065511
337.1202108725998,302.39072683682133,324.68048579392536
297.8076039535522,301.1449498458496,321.6466183202896
286.6973916700848,301.2828364875367,324.1073190452735
272.5777175080863,301.23327640438816,316.6275026770131
173.0460362316759,301.2586745213592,317.3832768224078
95.22361695504594,300.78534211930634,306.00366694944427
43.97486393026925,300.4716943753322,304.9790044591445
8.179504760894115,299.4731169308764,304.22632767791276
0.0,298.92986498301576,292.44214869410706
0.0,293.6685344136536,292.786261682068
9.304235154029463,293.64962121836174,293.0944186954934
33.366828718491334,294.38699391843727,291.09267629298733
41.84300510037396,294.4173029853602,292.9139261659509
104.02636421183288,295.4119105188225,294.186188377417
241.06576341895163,296.3304859540156,311.35442222476553
296.92564532924604,296.4338692924301,322.51299962965936
319.6791509567672,296.6573973491127,320.68145712951235
374.1283342071941,297.37837469279515,327.51946365728776
411.6487123296814,297.6506900742349,332.20855725867233
413.7128280098977,298.4700316402396,322.2994531271573
546.5247221321807,298.7306026179154,341.74543489701847
465.25756129964697,299.6029930751721,336.3061697920969
262.20522967286394,299.27809220760685,315.7578498131219
388.6109199529208,299.53256676639234,326.04352909991826
683.6702837864948,299.40540872834305,343.8532224240097
586.2796643765132,300.2050262930157,347.08003092325794
801.8012168767785,300.7724621408808,355.95760785017995
660.5809096575681,300.79934617650446,353.8408593514173
714.4106066650312,301.36113219513567,361.00495974500745
589.7412820057917,301.722833273476,344.3197346922568
832.1633634170335,302.3269763503857,359.91500318540756
835.6420356907884,302.51743731130847,350.1294534683944
430.25070731516,302.9276409325101,329.96672641670835
416.0171087684151,301.7335638012715,331.46606569216135
629.1743012465616,301.92904510731114,347.5964981831276
676.4712976004826,302.7501360144137,348.0366213589174
755.0388868594772,303.3729697725927,343.0373669476312
789.2019098831569,303.4576787393363,360.05523290909207
948.5164543693306,303.1792271836153,369.56758873754546
325.5860197093705,302.28704577901374,333.4517674847007
537.4592357770579,299.3823046471831,329.2976358367825
758.357189085696,301.8070771581605,359.8043002162727
471.36574594523296,301.7884572442962,335.9083512091291
959.675720374403,300.2395064560468,373.1709573824851
350.81144114224463,301.59101089231444,321.6285144692774
148.47607125179138,298.2890111792227,299.30663808750955
262.2376999555379,298.1801249681842,321.1073176759365
323.8094965454594,299.1366762687183,322.4506194529226
280.484410009513,300.28298184906663,314.1854342189845
225.40227100961235,299.49684508189074,317.5333670940585
180.6283632615133,299.711424916793,317.2973994721336
103.37572560057744,298.8455486775491,310.79636773672934
87.81666052993607,298.42682192454777,304.26552393248494
82.94615460000338,298.4935390345258,307.7533687079006
59.90309555872872,298.06751884729687,304.0874170849826
42.59373259438389,296.9153045044592,306.2616480258368
34.33389593677171,298.01287888681264,298.8603611039191
30.712269006596703,296.8822657626707,298.311516852637
19.060096627280306,297.320218769166,297.1910201586494
7.436011812613555,297.5792846354816,298.15092961880896
0.0,297.6147551900066,298.94789375051266
3.1059243816795243,295.2280850408934,292.26222093634254
9.736741780102603,294.8061152749149,295.7654199216357
33.06311281599057,295.6031644677304,289.8075375084467
53.77602291493992,295.4725469650361,298.7105494913207
106.7568000921802,295.1763023131264,306.13755101529864
125.77783353531144,295.4192787625372,306.15122371206917
126.80859409146264,295.4137823509022,303.18400052044257
139.33185151917738,295.65762403927965,304.31773156250654
165.96211842581147,295.8498204427205,308.29548443661565
231.62466930802395,295.85519562517896,315.06966563675695
234.3396376863396,296.2181259173313,312.7767906438944
239.58546812811016,296.5083837058231,317.3162498464647
340.12683141794616,296.1092757576823,319.99174619241904
623.8403002278848,297.0202192840259,339.29662918019994
583.7861935925255,297.03621769427025,335.1956619655283
466.6917034171474,297.8445237420059,329.1178723731304
422.10678715207007,297.0281783775574,328.4463369288144
460.8187312446527,298.2980030380479,335.8499253136979
520.1895669247276,297.8456087812624,333.66182382362257
659.0317784006643,298.30522643039154,337.898106942806
1042.2404286390272,299.6969160112295,375.55757172796916
851.3531937644804,300.7393321875031,365.8360255543443
1101.4917857106566,300.8303577360265,376.2309670053012
872.7327974630855,300.43230576836385,369.5582600012268
826.9291559781199,300.5320624197066,358.43169115018975
1015.7016229754828,301.0733198880263,363.72655640580575
1022.413247253564,302.5695059485313,371.13544996642537
1010.592437188424,301.7533137556094,372.15304492221594
997.2996956457572,302.31773442688905,378.15791511717197
942.3056133678986,303.69122881606404,367.99488767441596
943.5029031410262,303.2124721615787,359.55446642647405
829.5071872273925,303.3559000081896,358.0934460584373
581.0322169698389,302.8838701379472,341.61847190155856
780.5493602140754,303.0535092456813,359.6151898082826
646.2694019922332,304.07068955865645,349.24273416616205
498.1714373527724,303.38254773697923,338.9435101908374
325.3202798305347,303.334915959258,330.3231330842422
630.1828747429986,303.3151801901304,351.97304580060205
491.9439971872347,303.14911127647434,348.22062346581725
560.7954796294432,303.4081048362962,348.09057390456405
462.22630522584114,303.8684151976825,337.6389455020736
513.6589210539754,303.59282485735605,332.15688019502505
450.6374693627728,303.49892413047377,329.21966084238994
274.39103578794925,302.3994856833085,323.3291358234638
346.22194146622803,301.7852025555771,325.62685978290443
246.7935412269283,301.6140083231119,325.2223520319291
252.65391795298325,301.73986733797,315.41394240930885
137.45781905046604,301.30086463789195,315.50339203181215
84.44838112830152,300.2253765796718,305.95060429221303
48.09486357538686,300.34675383810884,296.0025352425722
22.50554164266664,299.15886927683385,299.8603627060779
0.9478893770473658,298.5508322873799,304.01728634555974
0.0,298.75247072616577,307.8257932110166
0.6953544211686113,294.958171535998,298.483336959644
9.686763756381664,295.223456385944,295.34740048133654
26.751641040632062,294.80176351635095,291.03229373008384
65.16958995862112,295.30394891561707,297.7406043892058
85.10709306098036,294.661383004482,306.64487940796766
120.29946794877095,295.8729217781983,303.27567756824436
150.25842370010105,295.03055466483335,309.351354817243
189.17737031117943,295.70984822383366,316.59328653336314
288.23656928279087,296.4661957558736,316.35998274699006
305.2499158138298,296.3744348952912,316.95784912698366
247.11979362918945,296.82888497242243,312.04429111350396
382.13819648728605,297.1932232412131,328.7868610873916
519.4758156465266,297.8969336978251,334.59284363766983
482.8677572584001,299.2454748570018,332.4524350177221
647.5959848873855,299.2920475198863,346.2824650413363
837.0585639501353,299.8720808167298,352.99374631130064
845.8620854132129,300.1337026898466,355.8818422188807
928.6784234078737,301.1630265614516,363.74714732096714
787.0265415643757,301.7100046226935,350.98484392327873
888.722036885173,300.70999406965694,367.2296796151867
827.6657022235976,301.6099082920832,361.96884978976783
885.9171241356987,301.6949024570996,363.46524001202914
832.4327304280488,302.2853805271911,361.39609003127134
736.6253699923634,301.7505694625264,350.8665915475046
771.3532316757617,301.85539189167457,360.4492158524683
774.7373963819819,301.9970508104595,350.6052903196928
613.9248250585282,302.5863311158332,342.9784640071557
907.9590763969902,302.48715363265177,369.0232919822859
590.111330584578,302.7015964093483,343.5878472460264
741.4206723187741,303.10993295815643,355.9339337562556
704.7619464238568,302.5153926379444,353.70512735238543
661.9938694883846,303.2514962618281,356.15183021666417
823.2669452545837,303.0153701511558,360.0920456626937
779.6023997320699,304.0711073483188,364.6991544623962
799.7041114843191,303.25272658642,362.08140605734957
792.072822432889,303.8471713504299,359.1058879329089
655.1109491517216,304.24872711903936,346.307548416916
750.3065466260008,304.2446862404344,360.1811447205517
696.9110520918936,304.12110037636984,352.95054819746616
464.3668908859429,303.9104212103269,340.1403370570281
472.0576641746179,303.7916139445985,335.57855743455707
344.2572566721157,303.3209343968174,327.4747871817973
250.69789621715688,302.4546335247325,325.56593113084597
378.3978721954192,301.3165633072257,321.1120396472228
379.6445990106652,302.16691112150494,334.9318268100612
250.82145085267183,301.77135345623435,318.99720324385675
175.9519327312178,301.64898198933747,316.4671590609044
156.02480280076014,301.6761766897082,316.90470982970305
107.08115032173568,301.1671327877996,313.9112188999621
72.65258442888849,300.51097887973185,311.8536083008574
34.396461057412495,300.7829368927645,303.408834034295
10.50738417174644,299.3173635201921,298.44868837085403
0.0,299.4992851907427,295.4152260597589
0.3705105135579584,294.4596832959276,294.8033060762915
14.93134300965315,294.5210099368506,292.75706458325686
36.020427805800786,294.4738251902063,294.33952575717825
55.13871156922078,294.4917681270396,298.6680689316493
115.35027974827652,295.3881603439444,295.3744389921404
205.41242589649505,295.57748166845994,311.3220922797266
227.3934781852746,296.38577977589546,310.775923105607
234.64470261175043,296.7872752944704,308.5856127514916
199.14721997969548,296.86730987271653,316.57054247999633
414.911331394017,297.20790437224616,334.0153350384933
482.1178771529664,298.7655027328004,329.2171284694746
547.7403726188827,299.0014619901611,338.27246972135623
575.2881161784553,299.3733873227341,338.86365566434205
648.6806372545653,299.86228117191854,343.6042314753007
598.1321776698712,300.25966150682274,338.40154764145166
695.9343850236253,300.6691086504567,354.91037727421383
718.9213350065614,302.25557597963586,342.4355381920151
406.197814043934,300.4137857580673,328.53418769824424
761.8489519303262,300.9046681899207,348.92884193404245
914.4469521947004,301.7641685450751,366.59961912651687
946.8413683495108,302.2641098171526,370.2901223406298
932.539529594235,303.1863254970659,375.73967355546034
927.6972244752982,303.5399416529963,367.79815315630555
615.3480302210777,302.8923081927,350.08018838193556
915.7231094565186,303.502173376099,370.0075583027856
692.0853500657737,303.7302123157126,345.6562572048728
638.8570714879592,303.47353898814475,343.50453941312475
789.997615231791,303.43128823976093,362.37177860926323
789.3680844690235,303.937581451887,354.6151382304408
857.7153593944696,303.382681100538,366.0045634481374
867.5047379987883,304.43241512733186,364.8218829660373
665.4762235969174,303.8831663710563,354.146367110001
678.7162169537489,304.6148867897141,353.33964295554404
431.38618576555086,304.69350674083324,332.8467918177136
465.67493297720193,304.0911088397355,335.8180406238134
593.2818172248082,303.9513604476557,343.49633924737265
544.721841549115,303.8624408759691,348.906550919236
574.6145594571302,304.4873205303076,347.1863811823557
583.6494880144035,303.5168325414336,342.75286408464615
605.4165500946096,303.2612104576047,346.29783353913564
566.1573713919437,303.1581344396772,347.0553767297201
468.61459322698806,303.22521135953843,338.46753794276515
397.87434868087433,302.76983369330617,322.3823094031977
351.5377444691544,302.7490516870116,330.8583347347433
295.3332746654545,303.03327455071,318.84638928510043
231.3158474993589,302.3130960105517,313.4279720437001
192.875606459728,301.79300951209785,311.26687385454665
152.1821987671253,301.1267849635644,314.6318823591366
108.90433118264366,300.7090903712453,309.5012199088697
57.05243860040471,300.63266676686214,307.1616933585003
49.28655564774802,300.287818698401,300.5965220621292
3.146204065401478,300.01839600349246,297.49670879698317
2.445433032027252,299.5974778994012,299.3845813863846
0.0,294.7145763387171,300.45463400538983
10.271000922684896,295.1753553613291,292.6456804764925
28.870738094747875,294.65605814969206,297.3008208165873
63.628581417096,295.958133604841,305.22290916333003
98.61805789409584,295.42410878405855,305.8077142755258
178.59573823533813,296.23218917092703,305.00459971449504
224.27565993985272,296.2238278983766,313.7463234283623
284.808031373028,296.938372734156,315.6053669796997
340.52804036612844,297.964719942646,329.25273382375184
305.4176694662111,297.6936887544042,322.2731927303577
207.52724893595573,298.8382558503659,314.9874578355979
243.82268132478043,298.3134173208673,316.272288745128
477.11448091547845,299.1367137613948,335.95228463377896
471.6598974614353,299.5458833720511,324.8289512257702
581.475495103251,299.9131120196789,339.83267458306244
570.4378357852283,299.76616588485706,338.27964923917744
439.10962408105473,300.1741441621066,332.49924750470774
316.3449621611703,300.4287929387451,322.4789097734053
480.98728406793657,300.175703639469,341.8887676673365
506.11391518554086,300.7886496248154,339.3425766509819
414.3275712044556,300.42977336148925,331.4364215324612
314.6584537532364,300.9407269176997,321.83511764801926
605.0328147409423,301.35291178928946,344.3884825179524
671.7727415438357,301.1392111704219,340.1685324866657
686.2431108461029,301.86412371109884,352.96170546560245
1028.7261784251275,302.9953334415755,371.15094555722015
878.2473902269695,303.26821335419305,361.42685740874253
874.8607003136116,303.1460226373034,362.32348960073114
853.7493101866135,303.8586910905766,367.4894373887593
713.5258828431098,304.00840870838294,355.71446271453215
575.7141316534663,304.1139220674433,344.6018979066256
851.3865077844987,304.18638685572654,369.15680198046476
646.9417715980717,304.9962770966577,352.9831438903488
537.2168792750507,304.331859750913,339.30722736451713
667.2250835053192,304.3391214212915,350.30193430816195
447.74596856544457,304.95400978574565,335.709021975153
65.49283260616863,299.829168782923,308.54605933919396
127.23908198758228,296.3417470679317,306.7707923441468
211.71665472878743,296.8886585928947,306.53462938645373
296.99036853635874,298.14337390963925,320.28679692674075
241.59592832621135,297.8549176196739,310.9217631329297
274.75230812622067,299.3071589705915,314.1302970965786
358.279259985102,299.56566965461184,325.2830849888536
243.35821030090148,299.7070001458891,311.76037553992575
200.3790204099834,299.354188033916,317.42904960415325
165.66808606435174,298.9941009036923,311.7299361928576
170.45788321157082,298.6367903526087,312.5596501632929
103.25594365525754,298.5901379045063,311.98004336336953
84.60147704206587,299.41033621938027,305.35564772925767
32.66193792456217,299.0250798917698,306.70126443662855
8.867514777407457,298.1612666735228,297.50973525293637
0.0,298.4533997468547,299.12634043938124
3.8385404971324686,295.10592623249914,300.773127100836
12.99958177890773,295.20828638699464,298.4375758010646
22.212102123828824,294.6504466706498,295.25694779850477
33.02650111753484,294.48154662324094,296.4877115417086
32.27382451690309,295.57877830772094,295.92438818587755
76.36810613963425,294.71221050908895,301.11450835386955
96.77411695167116,295.4385419375852,304.29868703872944
128.5494772588464,295.5716893021347,303.11304930379475
160.54432544048902,295.8619547114971,311.09283896704653
185.04259799898404,296.3733352466872,312.8379115031734
190.73453498541173,296.5287222710665,308.89260919888835
218.2225162123119,297.3387206387395,312.46809839585217
237.4615069220304,297.49234662440733,313.4097442671603
264.9741963770805,298.07561970621515,315.65556532066546
292.3792437599189,297.16137718245454,318.51384485156973
313.6048857147392,297.7827806951714,321.36408951802065
335.19821940886163,298.0844035299633,322.65178797318293
372.24124663968047,298.1040792333403,320.0573991010819
382.0441999214904,298.22487746763363,326.1862320726914
395.1738502366323,299.2811308341966,321.31168924866756
491.8332563515357,299.5470802990432,331.45936475989976
524.2522060051774,299.262930986122,341.38747642478626
493.3512286264345,299.85560038876747,340.49794224618677
564.5336596544282,300.5674698210159,339.64409983966794
642.2766684185214,300.2991052199752,343.0249085273564
616.1583374415587,300.61933619915885,343.43991273142217
563.3816457271859,301.188401509313,344.6714071352423
383.7832171837934,300.5258848054746,321.1036563512698
462.60002533846193,301.4622656127862,338.79263956617126
505.15285988566734,301.4138733211105,331.8104096736563
334.428444322275,300.892734310806,321.39726168595956
435.0817235760686,300.8375193000468,339.69356960737565
461.4745028736391,301.2195561498953,328.2400917468131
656.8431292531843,301.2529307358039,346.28178660800717
714.5532681864397,302.1401415247213,351.8145698857938
434.28639447461137,301.4283158990257,330.3347836858299
522.0107308441576,301.64996539642937,331.0414736503097
429.1474736885653,301.26271702490243,333.50423862649126
489.5395090934887,301.9469039710684,327.97253758961784
433.743202291798,301.86228777903915,338.01995642880166
328.6024346367976,301.0052362957819,318.40846633012757
305.4442245441541,300.82689474736463,324.1525901056944
240.99347757696776,300.63587616779284,320.72657684261543
217.618055733556,300.74768984584585,316.59958819935133
167.7369268897733,299.7082563096315,309.63723279173684
136.65035094993647,299.6793106064518,306.1453515406102
95.2769366547744,299.2897949089877,305.87920983759756
69.96466735687113,299.23344545913005,309.2075048582448
51.31724961240304,299.16698208083506,309.61989084466035
19.56097831310087,298.49945778657786,296.54694403526327
1.4565858670900118,298.3017681335832,299.0747267534175
0.0,298.4718122394172,298.9798567666878
2.261211947662771,294.308197398578,295.28588849774883
0.0,294.19505481056086,300.9115269300825
12.394667229311844,294.22161107037704,297.04918554688646
27.12489042856726,294.39207092368883,294.2428456884763
46.95012145797058,294.80943789861817,303.40472923723013
64.67495912459793,294.87233010042144,303.32066634225254
71.22899117253031,294.43030724863263,303.4602014410182
65.2415943389551,295.2477155696924,297.69763044838305
81.74820429784388,295.0528290631732,304.3626255540444
119.0041908320051,295.1689190774573,301.1344883921283
183.090336713012,295.47349653356736,308.87548923065765
211.48725648416885,296.105168688645,319.46970547300515
280.83070508206123,296.0300426913452,319.94288948663166
342.538532515976,296.0430915320782,326.62473648725313
423.0405450888791,297.0354633479489,328.60754597100527
358.2182237915963,297.3798287495342,321.78655553078886
437.89653679249767,297.7880296656025,323.21904814485384
398.5685944585496,297.90333061378726,330.5443868642057
513.7981797685633,298.9617988990582,336.9059633767593
573.177813112583,298.7652011884051,341.0197095257657
440.62689429668416,298.4321160029136,332.3841954008323
390.71180018199664,298.48891194876575,326.6697111975055
530.1109053857749,299.2743928002486,329.1271551286691
675.7745870704126,299.23098684352067,343.6020303635616
643.7995614235847,299.0261364556875,340.2847358585424
720.0630761304699,299.578712831752,350.39623248499686
514.9674476273381,299.976445937793,338.9521156077634
495.7527928570493,300.09209001471925,339.36145950488066
547.7491843563434,300.0943730391372,338.61686979852044
552.2083346080182,300.5712027764583,336.8801557530785
537.0198501203329,300.8457163933057,342.4865615356231
588.4865789573911,300.9667980868148,351.567980078631
665.9553026967122,301.15296079713016,349.2238335023835
624.6365904552604,301.00659194437367,348.5392219893986
516.8775802314725,301.3148770174385,340.18825505196554
436.28246957970725,301.45506756311096,334.122332427582
415.396819904537,301.20448966222455,330.19340007452325
401.6228382199436,301.7262576960105,327.50468039074315
335.6904060676833,300.8311376824258,327.29276313690207
396.1640318965087,301.1891189134206,326.773640651462
313.2283122146126,300.57943589349327,324.3929531250128
195.80837916435817,300.92016033038885,324.5099216802522
182.77122875842804,300.4182193879997,310.6932657480637
193.4103959611231,300.64175921069074,314.1239162679968
180.23119084124477,299.6655312180361,310.0694827371637
144.7172098003833,299.6597655598165,313.01606026752495
123.73500703557448,299.42787021957685,314.6370389973873
158.5911599987983,299.5462499789549,310.14426147970164
112.96104913064116,299.5092057507293,306.9782576430851
60.8638787532985,299.28799643022734,301.97355189416623
28.17974140457173,298.9510812369843,307.36804300960887
12.827156929473947,298.08864603522585,296.7049761992319
0.8343790473522276,298.77300035048233,295.3143306930711
0.0,295.3283409702901,293.2602765582336
10.185250044603992,294.5244813313803,301.521456310716
27.990790916108963,294.0362747456425,296.2475884947249
39.83879122536053,293.9896384107455,302.73851116624553
80.0030650051183,294.7599522005675,304.4239178134165
165.09177583275988,295.42164084275447,307.36444332729735
229.3531233669358,295.897712966834,316.3355001243484
277.8219133993956,296.93302131126376,320.5947555157156
342.25227797997536,296.75283448597366,326.5259550739985
405.2277934415914,298.09521863816934,328.6737092518046
500.5834185188692,298.40132834937845,326.5142477782381
513.1618592085825,298.49221560276504,338.19444306293525
519.5830187517454,298.8580028214858,333.45030537461975
584.0683512344109,299.5113981848237,333.8003586015833
606.556889481376,300.16017144103034,342.88673361484234
626.279714677132,300.0205720304009,338.0678860221054
677.1671141530032,300.1011944951302,346.59432230411187
623.5277062783357,300.7813864780409,351.7301188963693
746.2444601854356,301.424261543037,352.5345185427331
862.7433440306945,301.30938994391914,368.2627352385236
735.9528004927067,301.9338205964628,354.3999925544903
797.8120045081059,302.1228395907912,358.4029019367013
958.6953839980168,302.4897672198152,371.7195880996724
856.794508762718,302.365709087852,362.70753166018926
1037.314862236928,302.2316305144306,383.20422097076386
962.7327147247196,302.4875040640665,366.59916059634605
882.4385917083212,302.6915821084707,358.8741141944817
903.6735178703434,302.7957924358534,368.8171521868851
920.5383930683806,302.96750441540473,371.98819138756227
730.3050575776499,303.2096716185146,357.9643900009547
600.2478980370355,300.33839240694704,351.3528135694249
528.4625817556791,301.09597910717804,336.63864209113376
600.4377748929652,299.3801369358481,340.83749696501354
903.1890939685128,299.99804430309047,366.15014313131104
833.7208778069336,299.9897974510099,356.7007173271966
633.877995731122,299.983599044975,351.6963754022752
765.5843073942093,300.1494552010021,350.46841907420094
709.1144789097012,300.5241939515197,355.95963307133957
748.5113945115557,301.61862072787955,356.45351916945174
563.1246068575036,300.7891483748738,337.0765637908305
404.4265340031448,300.41743310818924,330.9632135236158
478.8264181632538,301.2007288123011,331.3096180948339
211.22569065294243,300.8360014283313,308.43780041363
252.6504796876345,300.7311173293044,310.49805773960253
151.1356324005101,299.7115051330959,310.9856070670356
110.24437764654544,299.9601287889377,308.4506492394413
123.39442038249533,298.629756365201,304.48246394886473
90.83704929974596,298.65994550804083,301.72319301622525
66.63453391043274,298.9926576612251,298.98285179042176
43.4804444698649,298.0318896523156,314.0278155211625
26.29622770305592,298.3097897178972,304.9674690563242
8.255726699882366,298.31216272509414,297.4047292879043
0.0,297.6733513793466,296.2641236949928
1.1607325740788903,295.6763285660959,296.1484198127432
3.952499800281272,295.5712677593512,293.40788816351045
27.56200316089705,295.7786677623776,299.19103875001895
52.39942613785124,295.97917451171264,297.14430314484605
79.75710242169947,295.8667316989041,316.6864864188303
148.09009265632736,296.4695208084036,305.0919971860521
230.2543694367532,297.08052922325965,307.6231151668566
217.3239883736932,296.67025656001005,312.6463934189825
300.62992774506307,296.9234368550422,322.21547636753803
298.60335656752136,297.2051336502008,316.0183946170239
252.07504074149747,297.0794002648269,314.7172564396239
335.98722358840786,297.31553607189954,315.1469411824884
377.2041285344216,296.9756875132054,325.5443191054726
436.7468131688511,297.5143232492844,328.56298630010906
564.4274084499539,298.0964363923852,342.76923361183907
554.3181656491699,298.6868263504512,337.96947579016006
570.5211392059978,298.72847582359265,333.9466932877256
575.5594537372693,298.5276563176107,344.9169720952993
535.1235083037701,299.6046358135259,345.6610552529904
723.1749263914571,299.04383209866575,350.1265038470885
825.585816247005,300.1529527380118,367.40650268271617
641.9499480223195,300.4528228465849,347.49205579991775
657.5512828599519,299.9772934860581,350.36534492702
651.1617888687365,300.1819266314444,341.8745588923378
423.5217792620991,299.2005399740141,338.5401586466521
494.9457524613471,298.0374676911181,341.83713113024606
462.3726994321104,298.07850666791114,327.4356409656112
459.0518865403692,297.8010483682376,330.763510358292
513.5571443388968,298.77723840065136,326.71797741909285
574.7677821672703,298.31543371446014,335.326784643741
738.8244289379822,299.020011139141,354.4668986509131
715.3809961722342,299.7380603242967,359.6626067604418
923.4854259735316,300.23547370016183,364.8477662358485
1206.8566335268029,301.4977665243342,388.94640251629966
897.5388163602563,301.2997118251432,355.4730838544238
564.8283470374671,301.09437814259235,337.9690403641974
457.50114175242464,300.3999990983005,334.1657079574748
585.1733771574685,300.525520763811,336.29518882465476
712.1233641798871,300.4574692645556,344.11089961758233
461.9013663046677,300.8078408725909,336.28613787301566
408.5432254498368,300.2192195932199,332.53290931849347
405.4027505295333,299.305182093651,328.45163121288783
281.21105414414995,299.63304692449384,320.5050838691208
202.1328757927294,299.74871308378584,317.15056211671595
153.77352269737077,299.33887947488404,312.355354842697
126.7746396949535,298.74850678340954,310.14722541180095
110.2986628602297,299.0621102646514,296.3110681261654
71.24041884832164,298.9709780679576,306.9905793264482
41.80513484627661,298.6766003290787,302.32151800480096
27.900227450256477,298.6736455912979,293.4362129549971
20.088319506324325,298.46376659237865,302.72602538500195
7.035650703199099,298.1924569261786,295.1163864614947
0.0,297.8897525543408,302.7529290899864
0.0552435065667452,294.92676247762773,292.9616918732303
9.837113851292504,294.81894862936366,293.7176946177211
26.85069035131714,294.3935702042409,292.76510816180064
70.4039021373413,295.17326929682446,302.2412223002868
98.9687190652159,295.1166925871627,304.9409594465364
150.78046637481873,295.6036296202712,307.3924952901758
154.23877281687942,296.2264269893843,308.2113760963055
126.43094334678032,296.6214619706979,305.68687657633063
260.5255758766244,297.0993456732774,312.8742580818785
465.50868076091785,297.5053174332276,337.36937615757665
544.2972112458193,298.29744521511185,336.0719287050513
575.2263533790003,298.9260269034095,340.7050207366672
532.9413467234649,299.5312540911263,339.2084864538191
563.3911259311722,298.4861169489201,337.30545877056653
670.873985738427,299.4643967770976,348.7096523602196
642.0182169785795,300.0034954386147,343.88077299513776
639.5971159625342,300.11116901508325,347.67765047658474
645.1305706422576,300.48405417217015,348.2878178807881
897.3437395081451,300.0997253421467,364.3137507384822
668.9898392091426,300.82732523055927,351.11814733521067
853.3685805684742,301.08221444220595,368.5553415878056
711.5933840758282,302.4001891779773,349.9009619350044
571.5030726122467,301.1796291349466,340.0115320801342
627.6111637132288,301.40867146518804,344.7918965828762
669.1982393268138,301.6704392425601,353.29379905610824
752.1997386384859,301.31525048087366,355.8315228807497
446.0977376748744,302.1585073778743,332.29156380741773
395.8858225096078,300.8932946052892,320.37629261456834
455.8882339061127,302.07067183933947,339.9139669989152
746.9844208506603,301.88247450963365,358.0433234327209
426.0611789495488,302.12272084284507,329.2546163801902
245.4545143186012,301.7635651843811,325.2221222865207
227.64357136802943,301.1411756466477,322.67519976884927
268.8954323711493,300.3446056386945,314.1555930225565
420.3450086179112,300.1907121654906,329.3847821025802
655.3851284833812,300.2509471962144,345.9759781100537
472.9511598739657,301.04032431145043,331.8845124459318
421.0426360186094,300.84694896074245,333.2581094154437
445.7956562622191,301.604409440604,331.17482257885405
389.0261808446408,301.25412012089083,327.2463914372035
457.278897824033,301.5350044656592,338.7794663839994
125.08230339737612,301.38761454981216,310.4938839966062
167.42068526268966,300.81590425973053,311.737281243514
249.3459549994007,300.449773599868,319.47505611050656
275.0135661955651,300.31961964395373,320.21097016894254
196.3042047813648,300.5822815142135,318.20571539866756
156.2842008664501,300.1568524024243,310.9966139689108
102.80111005861076,300.1065519965729,303.11646641551135
85.47241685258223,299.22190387256813,305.31067204100987
40.61443800620625,300.145241055638,302.1662546563552
10.92547027322505,299.5023085750669,297.0652943913525
6.224123412717407,298.71426040073226,303.5495198253485
0.5728761414150643,298.23086199452496,301.1520326178529
0.0,295.75220188464925,296.5071117585922
6.185691554681525,295.2759294759443,294.9391614820957
1.810873184909462,295.6013254714081,294.0751563982078
13.032384690832837,296.2594143837483,299.7956109102117
52.64961713718634,296.01120237562594,302.67714598830554
68.25856048292663,296.1808581835893,303.97782208575217
101.68406127407744,295.9484686436353,303.5539536833972
164.70086778865092,296.1576544083039,312.0962363188373
211.73633155970845,296.5219216919883,317.80860726675445
262.97241580721993,296.7391614163442,321.5999265189282
349.294032156785,297.31753893712545,322.82453262359167
312.7425918139982,297.63519668148507,318.8274561222627
397.51979032819855,297.88227648791195,321.41698422519625
420.9795721061728,298.21460273091947,326.71440480746475
411.9817959108962,298.5955159497437,329.120593079522
455.9350826116653,298.81767556498994,331.06413429275545
543.4744452366781,298.6873298261333,340.81536074330785
645.7599582084533,299.5013145466773,347.75865961809797
835.175474297598,299.82497080066554,360.0804222773406
705.4987974550562,300.01011176423344,346.72676701032196
589.6335076387905,300.39260956599105,342.41613620395754
675.3825384882118,300.6481217683034,351.77086357389857
909.5202106990838,300.8040650184018,366.9943511440235
614.3390854494912,300.70634627908146,355.7352771763522
420.70629010562953,300.8705349134025,330.1098639267276
529.16718368486,301.5048796809436,341.53260213970816
233.12058104864732,301.5670982772168,315.28582637357084
437.28103436424016,300.7416806064561,334.95782660418445
482.6174901529984,301.4394483220468,335.94593407661483
501.4904347386099,301.5540092885505,338.7238671872466
315.4603350011833,300.9364652061072,319.7409670115883
496.4174351114552,301.1785133229791,340.7848921613222
584.9920136948374,301.52531758532155,343.45337128766636
401.77806168875776,301.7651101513484,334.61139628884354
436.57470154280907,301.6601910520947,341.5278389990882
307.91025123959923,301.597933740252,312.38643815512756
721.9667538642843,301.8368475409702,355.5363030661114
524.1282852446889,302.5023773241552,336.68034248827126
281.0335779069339,301.53047804755244,318.90991452711813
319.997117126555,301.0848390653975,323.32196993951993
423.8151345928744,301.2944072338855,332.7489783950783
361.019599443583,301.20417266133256,329.2686527393606
338.66077263704415,300.7193935608868,317.5727237805878
244.521564539419,300.5478089772953,317.4425992405867
193.58141692529537,300.9013249708281,318.6596102516453
157.79753131237177,300.4428346555813,305.47610101843895
128.9036311153544,299.79027024677043,303.23479734063517
130.43058917564147,300.00696049011617,316.0362200157065
105.8148238976378,299.52383763350804,307.0878438389061
72.0808416587531,299.1451159220332,296.522925434417
49.198247996142165,299.1140427954543,308.19556425334906
21.42354923421016,299.15852820303235,298.7590996094961
20.080697000107875,298.92237721560554,303.8723648911046
5.748141482456791,298.3741293929326,300.9033519342043
3.303853333686463,294.8195868701412,296.76343737657356
22.400351141202783,295.2903205622835,300.01160656105765
35.93923848216752,295.5187020798323,303.16773501895125
41.26564758180072,295.40551054688257,296.7542349510713
90.98925977397327,295.6853629179859,298.2157245780714
146.07069732935636,295.3889111286874,304.5867365223826
226.1811759955125,296.1724046650041,318.32150354046627
260.4882151830492,296.6580440785074,311.40055377330464
236.6205476175752,296.7550474173981,316.7063704471306
259.1681513214316,297.16235820671415,312.63483519678874
275.30552893296306,297.0725483857897,314.95440918145226
260.57777138382755,297.2189059251122,316.0289115441901
336.754922291289,297.9012445233878,320.8866661140827
365.9136592542612,297.9141310952787,325.0997703145162
466.51710757393954,298.0559523015272,335.7443633325103
379.3833868945528,298.3444665102597,323.58548679634254
426.7722229032808,298.5450862718624,327.33196273017023
462.5422350243122,299.33937414931955,327.1097224773953
503.8534906175271,299.3867342034106,337.2066619168838
451.88580615184975,299.3585193405528,331.51546830341505
455.64955301331145,299.21067022850866,327.1286881878078
560.4244647555116,300.3156253248322,336.32450742272533
539.4075600318603,300.6818307305591,337.9558218565327
895.1059483612677,300.5575818716054,368.3451100066331
921.5474784137012,301.9720577578879,359.81318896954735
1030.4594435868894,301.774811357465,376.75466714328206
713.034152672436,302.33188348781687,353.9910312241534
693.2986340008358,302.12900761349954,351.5700483353199
486.7251172988483,302.0857487596227,332.9730121308205
607.3120610416637,301.2981138165381,347.95404310261137
648.0970937711076,302.0283648705856,347.1398785649401
590.2753516623303,302.57293793336976,341.0775010393303
434.3742579254084,301.0842175555408,329.4949406697651
421.1141141833216,301.3661815787627,330.1339325167337
601.0929553564139,301.79893610403803,344.577747692048
534.1971554543096,302.4663983691632,337.8840076645176
316.260433036938,302.0879740306233,319.29439546039276
103.22257802534688,301.28408514579206,309.56354127040555
59.62916825960133,298.8403000760192,298.12242760827115
82.94743492698525,296.7191693644286,304.995400275906
200.47809864759887,296.451186813556,312.99579273985177
237.9825638066112,297.3259917864574,316.6716004952616
117.83798503812496,297.9788964488757,307.35212968257144
67.66152828099972,297.1928463105168,304.7378544898656
88.4806850160037,297.22137555746275,303.2986566373178
101.1806358266836,297.32334700823,302.95181963556297
92.36590050790925,297.7282798037587,308.86850563278074
63.14598718061995,297.3909907018657,308.7488327210395
44.68114297210922,297.57504456866354,297.3175327583898
20.95950653014602,297.4982329971511,296.8530757171708
12.25862355716516,297.167611047746,298.2224712648883
0.0,296.4138019150303,295.023603707898
